{
  "L_nH": [
    1.4327692554910518, 
    1.4375420240542531, 
    1.452270023895977, 
    1.479073612197422, 
    1.519653829906832, 
    1.576074403589181, 
    1.651841281089426, 
    1.7523231829460788, 
    1.8859374704663892, 
    2.0662110041265307, 
    2.316212308559604, 
    2.6777725053461308, 
    3.2356580178099246, 
    4.186263865531213, 
    6.073433085473875, 
    9.90718285267309, 
    -8.786084087592458, 
    -6.2253767313171755, 
    -3.750158962876718, 
    -2.5787344507014716, 
    -1.9184058715923613, 
    -1.498659380718087, 
    -1.2104330269429984, 
    -1.0010934754990168, 
    -0.8426425872348261, 
    -0.7187219301492132, 
    -0.6194757710772723, 
    -0.5383912501580023, 
    -0.4710058149191941, 
    -0.4141884538621979, 
    -0.36575309351168633, 
    -0.3239517281640724, 
    -0.2874957873098782, 
    -0.25541907591629753, 
    -0.22697578109145491, 
    -0.20158294215707964, 
    -0.17878005573387104, 
    -0.15819930147341837, 
    -0.1395440810447815, 
    -0.12257291452731449, 
    -0.1070873336469647, 
    -0.0929226769688263, 
    -0.07994097649671847, 
    -0.06802554244597867, 
    -0.057076661625456215, 
    -0.047008276974313895, 
    -0.037745374426198436, 
    -0.029221928502889034, 
    -0.021379286799897125, 
    -0.014164888109337274
  ], 
  "Q": [
    3.3204934570867732, 
    8.813208425002212, 
    12.42532842647142, 
    14.550320452128675, 
    15.580646870069796, 
    15.812483010824465, 
    15.456602630700024, 
    14.665795000120818, 
    13.547285094630741, 
    12.175862532800053, 
    10.606199026162027, 
    8.889199153222515, 
    7.061767973648324, 
    5.160828938332048, 
    3.219739565616293, 
    1.2712040548026193, 
    -0.6480959677861869, 
    -2.4968773440366925, 
    -4.232508755004157, 
    -5.8093806247206805, 
    -7.189865986961919, 
    -8.344302235796265, 
    -9.263134520429645, 
    -9.94709231567124, 
    -10.407780279442344, 
    -10.647754623600544, 
    -10.710404015035147, 
    -10.630897488645456, 
    -10.434258321430084, 
    -10.141519560617676, 
    -9.71971572139332, 
    -9.250434103807049, 
    -8.759702284952755, 
    -8.250632967736363, 
    -7.723123050938605, 
    -7.17655560965891, 
    -6.611568852558531, 
    -6.031056617322885, 
    -5.44048550584684, 
    -4.847607002771874, 
    -4.261695736230087, 
    -3.692514585012825, 
    -3.149245280030322, 
    -2.639601014338025, 
    -2.1692603950682128, 
    -1.7416614605036027, 
    -1.358107557438859, 
    -1.0180868661365794, 
    -0.7196971741224922, 
    -0.4600855174853075
  ], 
  "R_ohm": [
    2.7164091325342383, 
    3.194310735742249, 
    4.144440169619855, 
    5.67103424237385, 
    7.9497010599286, 
    11.292798747808746, 
    16.26949550126608, 
    23.936845911622484, 
    36.394855585850166, 
    58.22779239097683, 
    100.8485403778207, 
    198.10411351961147, 
    475.72598359902406, 
    1345.1514538209153, 
    1380.1884330469052, 
    538.0751953987991, 
    250.18878329035635, 
    142.54465266376405, 
    92.57599150877877, 
    65.59956686007752, 
    49.4294666518133, 
    38.98399060693468, 
    31.85522018053871, 
    26.77876735392738, 
    23.0422263731155, 
    20.232309631963858, 
    18.064429570800186, 
    16.358233351346072, 
    14.996980907445916, 
    13.900713551879509, 
    13.056685989581265, 
    12.37088385127488, 
    11.801623312452612, 
    11.331914125398214, 
    10.95251768032333, 
    10.659452316606645, 
    10.452334621479611, 
    10.333272417540163, 
    10.306129745504137, 
    10.376048591276094, 
    10.549152153482272, 
    10.832378899627095, 
    11.233409991864757, 
    11.76065619005659, 
    12.423262396103068, 
    13.231063459113692, 
    14.194374534379833, 
    15.323411206338324, 
    16.627002853010065, 
    18.110117702964377
  ], 
  "cell": "Codex_Oct_T22typ_1G_100G_v2", 
  "freqs_Hz": [
    1000000000.0, 
    3020408064.0, 
    5040816128.0, 
    7061223936.0, 
    9081632768.0, 
    11102040064.0, 
    13122450432.0, 
    15142859776.0, 
    17163270144.0, 
    19183669248.0, 
    21204080640.0, 
    23224489984.0, 
    25244899328.0, 
    27265310720.0, 
    29285709824.0, 
    31306119168.0, 
    33326530560.0, 
    35346939904.0, 
    37367349248.0, 
    39387750400.0, 
    41408159744.0, 
    43428569088.0, 
    45448978432.0, 
    47469391872.0, 
    49489801216.0, 
    51510198272.0, 
    53530611712.0, 
    55551021056.0, 
    57571430400.0, 
    59591839744.0, 
    61612240896.0, 
    63632650240.0, 
    65653059584.0, 
    67673468928.0, 
    69693865984.0, 
    71714283520.0, 
    73734692864.0, 
    75755102208.0, 
    77775511552.0, 
    79795920896.0, 
    81816330240.0, 
    83836731392.0, 
    85857140736.0, 
    87877550080.0, 
    89897959424.0, 
    91918368768.0, 
    93938778112.0, 
    95959187456.0, 
    97979588608.0, 
    99999997952.0
  ], 
  "max_Q": {
    "L_nH": 1.576074403589181, 
    "Q": 15.812483010824465, 
    "R_ohm": 11.292798747808746, 
    "f_Hz": 11102040064.0
  }, 
  "nport": "/mnt/data/OEIC/zhaoliang_2/T22_Codex/Codex_Lib/.peakview/Codex_Oct_T22typ_1G_100G_v2/nport/text.txt", 
  "params": {
    "Arm Length": 3e-05, 
    "Aspect Ratio": 1.0, 
    "Cross Layer": "metal8", 
    "Inner Length": 0.000118, 
    "Layer": "metal9", 
    "No. of Turns": 2.5, 
    "Spacing": 1e-06, 
    "Width": 5e-06
  }, 
  "profile": "RC_IRCX_CLN22ULP_1P8M+UT-ALRDL_5X1Z1U_typical(DRM:T-N22-CL-DR-001 v1.5)", 
  "s2p": "/mnt/data/OEIC/zhaoliang_2/T22_Codex/Codex_Lib/.peakview/.peakdesign/simulation/Codex_Oct_T22typ_1G_100G_v2/Codex_Oct_T22typ_1G_100G_v2_defaultIsland.s2p", 
  "srf_est_Hz": 32376910333.724583
}